pothole_count,pothole_area_ratio,crack_area_ratio,damage_area_ratio,damage_severity,pothole_detected,crack_detected,avg_confidence,risk_level
5,0.0305,0.0927,0.1232,0.603,1,1,96.1,High Risk
9,0.0344,0.0829,0.1173,0.646,1,1,90.4,High Risk
7,0.0516,0.0811,0.1327,0.709,1,1,91.9,High Risk
8,0.074,0.0887,0.1627,0.711,1,1,88.5,High Risk
3,0.0244,0.0429,0.065,0.379,1,1,89.4,Medium Risk
6,0.0656,0.1015,0.1671,0.619,1,1,90.8,High Risk
7,0.0806,0.0633,0.1439,0.625,1,1,90.0,High Risk
5,0.0528,0.0801,0.1329,0.517,1,1,91.6,High Risk
18,0.1409,0.36,0.5009,0.953,1,1,90.7,Critical Risk
0,0.0,0.0025,0.0018,0.014,0,0,98.2,Low Risk
17,0.2904,0.1856,0.476,0.83,1,1,85.4,Critical Risk
0,0.0,0.0029,0.0049,0.062,0,0,96.6,Low Risk
6,0.0507,0.0711,0.1218,0.678,1,1,89.3,High Risk
10,0.3056,0.3452,0.65,0.965,1,1,85.8,Critical Risk
13,0.2314,0.2867,0.5181,0.967,1,1,92.5,Critical Risk
31,0.1634,0.3059,0.4693,0.991,1,1,85.7,Critical Risk
1,0.0073,0.0139,0.0212,0.254,1,1,88.3,Medium Risk
13,0.1567,0.1427,0.2994,0.998,1,1,87.0,Critical Risk
27,0.1142,0.379,0.4932,0.904,1,1,85.7,Critical Risk
1,0.0218,0.0313,0.0531,0.366,1,1,93.3,Medium Risk
6,0.0371,0.0766,0.1137,0.47,1,1,92.3,High Risk
0,0.0,0.0012,0.0029,0.019,0,0,97.3,Low Risk
1,0.0108,0.0164,0.0272,0.259,1,1,86.7,Medium Risk
8,0.049,0.1178,0.1668,0.67,1,1,89.9,High Risk
0,0.0,0.0001,0.0033,0.021,0,0,99.6,Low Risk
0,0.0,0.0011,0.0028,0.078,0,0,99.0,Low Risk
0,0.0,0.0013,0.0045,0.047,0,0,95.1,Low Risk
22,0.1522,0.2998,0.452,0.812,1,1,91.4,Critical Risk
21,0.1249,0.3584,0.4833,0.998,1,1,94.4,Critical Risk
21,0.3008,0.1985,0.4993,0.774,1,1,90.7,Critical Risk
0,0.0,0.0401,0.0401,0.265,0,1,88.8,Medium Risk
0,0.0,0.0005,0.0001,0.091,0,0,98.0,Low Risk
9,0.0623,0.1235,0.18,0.509,1,1,95.1,High Risk
2,0.018,0.0299,0.0479,0.41,1,1,87.8,Medium Risk
2,0.023,0.0366,0.0596,0.234,1,1,92.1,Medium Risk
0,0.0,0.002,0.0031,0.002,0,0,99.2,Low Risk
4,0.0578,0.0987,0.1565,0.642,1,1,89.8,High Risk
8,0.032,0.0484,0.0804,0.607,1,1,96.4,High Risk
23,0.1088,0.2883,0.3971,0.829,1,1,96.9,Critical Risk
0,0.0,0.0011,0.0001,0.077,0,0,95.9,Low Risk
0,0.0,0.0407,0.0407,0.284,0,1,89.1,Medium Risk
0,0.0,0.0029,0.004,0.034,0,0,95.9,Low Risk
2,0.0171,0.037,0.0541,0.331,1,1,90.6,Medium Risk
12,0.1221,0.2364,0.3585,0.883,1,1,90.2,Critical Risk
1,0.0072,0.0248,0.032,0.308,1,1,86.2,Medium Risk
0,0.0,0.0277,0.0277,0.429,0,1,87.0,Medium Risk
15,0.1519,0.2062,0.3581,0.9,1,1,96.7,Critical Risk
6,0.048,0.0744,0.1224,0.507,1,1,91.9,High Risk
0,0.0,0.0316,0.0316,0.202,0,1,92.6,Medium Risk
10,0.152,0.2817,0.4337,0.833,1,1,95.7,Critical Risk
5,0.0676,0.0983,0.1659,0.515,1,1,95.8,High Risk
11,0.1363,0.2996,0.4359,0.808,1,1,96.5,Critical Risk
0,0.0,0.0258,0.0258,0.323,0,1,88.6,Medium Risk
5,0.0744,0.1027,0.1771,0.531,1,1,91.6,High Risk
0,0.0,0.003,0.0028,0.093,0,0,97.4,Low Risk
0,0.0,0.0032,0.0045,0.038,0,0,95.5,Low Risk
8,0.0539,0.1168,0.1707,0.635,1,1,89.2,High Risk
0,0.0,0.0005,0.0025,0.004,0,0,99.4,Low Risk
0,0.0,0.0032,0.0009,0.078,0,0,96.1,Low Risk
12,0.1504,0.2519,0.4023,0.912,1,1,94.8,Critical Risk
3,0.0128,0.0316,0.0444,0.271,1,1,88.6,Medium Risk
0,0.0,0.0013,0.0037,0.078,0,0,99.1,Low Risk
8,0.0614,0.0571,0.1185,0.468,1,1,96.7,High Risk
0,0.0,0.0037,0.0018,0.07,0,0,98.0,Low Risk
6,0.0264,0.1169,0.1433,0.664,1,1,95.0,High Risk
6,0.042,0.1079,0.1499,0.563,1,1,92.6,High Risk
9,0.0582,0.0767,0.1349,0.494,1,1,95.8,High Risk
20,0.0913,0.3538,0.4451,0.993,1,1,86.8,Critical Risk
0,0.0,0.0036,0.0017,0.045,0,0,95.5,Low Risk
9,0.0575,0.0573,0.1148,0.604,1,1,92.9,High Risk
0,0.0,0.0014,0.0006,0.017,0,0,98.7,Low Risk
3,0.0129,0.0096,0.0225,0.367,1,1,94.7,Medium Risk
7,0.0765,0.0599,0.1364,0.604,1,1,91.7,High Risk
9,0.0665,0.0661,0.1326,0.704,1,1,93.7,High Risk
2,0.004,0.0139,0.0179,0.291,1,1,95.0,Medium Risk
1,0.0162,0.0208,0.037,0.334,1,1,86.4,Medium Risk
4,0.0328,0.0898,0.1226,0.663,1,1,94.4,High Risk
0,0.0,0.0027,0.0038,0.029,0,0,98.5,Low Risk
6,0.0525,0.0617,0.1142,0.556,1,1,91.3,High Risk
0,0.0,0.0201,0.0201,0.305,0,1,86.8,Medium Risk
7,0.04,0.0452,0.0852,0.505,1,1,89.1,High Risk
0,0.0,0.0035,0.0037,0.084,0,0,98.4,Low Risk
0,0.0,0.0202,0.0202,0.421,0,1,93.0,Medium Risk
0,0.0,0.0014,0.0015,0.097,0,0,98.9,Low Risk
0,0.0,0.0175,0.0175,0.29,0,1,94.2,Medium Risk
4,0.0691,0.069,0.1381,0.545,1,1,95.1,High Risk
18,0.2864,0.2075,0.4939,0.847,1,1,87.7,Critical Risk
9,0.0382,0.1218,0.16,0.62,1,1,93.0,High Risk
25,0.1677,0.1244,0.2921,0.744,1,1,96.9,Critical Risk
3,0.0164,0.0302,0.0466,0.271,1,1,88.3,Medium Risk
0,0.0,0.0429,0.0429,0.405,0,1,87.5,Medium Risk
1,0.0241,0.0106,0.0347,0.176,1,1,88.7,Medium Risk
7,0.0298,0.0734,0.1032,0.705,1,1,94.0,High Risk
0,0.0,0.0026,0.002,0.003,0,0,95.7,Low Risk
18,0.2155,0.2553,0.4708,0.958,1,1,89.7,Critical Risk
0,0.0,0.0147,0.0147,0.269,0,1,89.8,Medium Risk
23,0.13,0.1254,0.2554,0.943,1,1,92.9,Critical Risk
0,0.0,0.0026,0.0008,0.008,0,0,98.1,Low Risk
0,0.0,0.0034,0.0016,0.02,0,0,97.7,Low Risk
10,0.116,0.311,0.427,0.987,1,1,86.8,Critical Risk
4,0.0372,0.0712,0.1084,0.602,1,1,93.2,High Risk
1,0.0112,0.0221,0.0333,0.272,1,1,91.5,Medium Risk
25,0.2392,0.2324,0.4716,0.828,1,1,86.6,Critical Risk
0,0.0,0.0287,0.0287,0.295,0,1,94.4,Medium Risk
5,0.0658,0.063,0.1288,0.572,1,1,94.5,High Risk
9,0.0283,0.1228,0.1511,0.519,1,1,90.7,High Risk
9,0.0603,0.075,0.1353,0.534,1,1,89.8,High Risk
18,0.2328,0.3887,0.6215,0.753,1,1,86.3,Critical Risk
0,0.0,0.0003,0.0026,0.049,0,0,99.7,Low Risk
12,0.2617,0.1535,0.4152,0.889,1,1,88.3,Critical Risk
4,0.0688,0.0972,0.166,0.68,1,1,94.2,High Risk
24,0.1916,0.3677,0.5593,0.973,1,1,96.8,Critical Risk
30,0.21,0.1456,0.3556,0.903,1,1,92.2,Critical Risk
23,0.2955,0.1979,0.4934,0.777,1,1,89.1,Critical Risk
0,0.0,0.0016,0.0031,0.076,0,0,95.2,Low Risk
0,0.0,0.0434,0.0434,0.263,0,1,89.1,Medium Risk
0,0.0,0.0016,0.0041,0.053,0,0,96.8,Low Risk
22,0.2424,0.2812,0.5236,0.782,1,1,91.1,Critical Risk
7,0.0454,0.0864,0.1318,0.559,1,1,88.1,High Risk
0,0.0,0.0391,0.0391,0.376,0,1,88.2,Medium Risk
26,0.3351,0.3344,0.65,0.741,1,1,85.0,Critical Risk
3,0.0243,0.0261,0.0504,0.202,1,1,89.3,Medium Risk
7,0.0437,0.0584,0.1021,0.523,1,1,90.4,High Risk
3,0.0055,0.0084,0.0139,0.175,1,1,86.8,Medium Risk
0,0.0,0.0035,0.003,0.072,0,0,98.2,Low Risk
6,0.0268,0.1227,0.1495,0.517,1,1,94.6,High Risk
6,0.051,0.1178,0.1688,0.558,1,1,96.7,High Risk
0,0.0,0.0214,0.0214,0.254,0,1,86.2,Medium Risk
11,0.3305,0.2375,0.568,0.753,1,1,85.5,Critical Risk
22,0.209,0.2506,0.4596,0.938,1,1,87.0,Critical Risk
7,0.0489,0.106,0.1549,0.578,1,1,90.4,High Risk
14,0.1036,0.2307,0.3343,0.787,1,1,87.0,Critical Risk
1,0.0122,0.0126,0.0248,0.428,1,1,93.6,Medium Risk
19,0.28,0.1784,0.4584,0.775,1,1,93.3,Critical Risk
5,0.0492,0.0512,0.1004,0.601,1,1,95.8,High Risk
0,0.0,0.0026,0.0028,0.011,0,0,96.8,Low Risk
0,0.0,0.0025,0.0035,0.055,0,0,98.0,Low Risk
0,0.0,0.0031,0.0023,0.063,0,0,97.1,Low Risk
0,0.0,0.0001,0.0032,0.038,0,0,97.4,Low Risk
0,0.0,0.0011,0.003,0.004,0,0,95.2,Low Risk
0,0.0,0.0028,0.0019,0.112,0,0,95.7,Low Risk
0,0.0,0.001,0.0041,0.096,0,0,98.3,Low Risk
8,0.0627,0.1001,0.1628,0.526,1,1,88.1,High Risk
3,0.0187,0.015,0.0337,0.407,1,1,95.1,Medium Risk
29,0.1581,0.3352,0.4933,0.799,1,1,94.0,Critical Risk
20,0.2259,0.3646,0.5905,0.999,1,1,92.6,Critical Risk
15,0.182,0.2091,0.3911,0.935,1,1,90.6,Critical Risk
0,0.0,0.0024,0.0003,0.06,0,0,97.9,Low Risk
25,0.2928,0.2495,0.5423,0.965,1,1,88.2,Critical Risk
2,0.0166,0.0373,0.0539,0.343,1,1,95.4,Medium Risk
9,0.0578,0.0876,0.1454,0.614,1,1,88.6,High Risk
0,0.0,0.002,0.0027,0.013,0,0,97.1,Low Risk
18,0.1402,0.2195,0.3597,0.914,1,1,91.3,Critical Risk
2,0.0083,0.0285,0.0368,0.365,1,1,91.9,Medium Risk
13,0.2478,0.2666,0.5144,0.823,1,1,91.1,Critical Risk
0,0.0,0.0342,0.0342,0.312,0,1,86.8,Medium Risk
0,0.0,0.029,0.029,0.353,0,1,93.6,Medium Risk
6,0.0812,0.0501,0.1313,0.674,1,1,90.6,High Risk
0,0.0,0.0038,0.0048,0.11,0,0,96.8,Low Risk
16,0.1161,0.1673,0.2834,0.831,1,1,94.9,Critical Risk
4,0.0744,0.1076,0.18,0.601,1,1,88.9,High Risk
20,0.2421,0.2194,0.4615,0.754,1,1,85.4,Critical Risk
9,0.0486,0.0923,0.1409,0.632,1,1,88.7,High Risk
5,0.0676,0.0584,0.126,0.663,1,1,93.3,High Risk
18,0.0989,0.1647,0.2636,0.827,1,1,86.0,Critical Risk
4,0.0421,0.0796,0.1217,0.638,1,1,91.0,High Risk
2,0.0222,0.0255,0.0477,0.431,1,1,87.8,Medium Risk
4,0.0379,0.0667,0.1046,0.524,1,1,88.6,High Risk
3,0.0192,0.03,0.0492,0.342,1,1,90.6,Medium Risk
0,0.0,0.0142,0.0142,0.189,0,1,92.0,Medium Risk
3,0.0174,0.0271,0.0445,0.326,1,1,93.5,Medium Risk
0,0.0,0.0287,0.0287,0.308,0,1,92.8,Medium Risk
0,0.0,0.0003,0.0049,0.045,0,0,96.8,Low Risk
25,0.1376,0.1891,0.3267,0.82,1,1,92.2,Critical Risk
0,0.0,0.0354,0.0354,0.19,0,1,89.0,Medium Risk
0,0.0,0.0192,0.0192,0.365,0,1,94.1,Medium Risk
3,0.0234,0.0439,0.065,0.424,1,1,90.5,Medium Risk
3,0.0223,0.0088,0.0311,0.405,1,1,91.0,Medium Risk
27,0.1904,0.3517,0.5421,0.784,1,1,85.4,Critical Risk
6,0.0639,0.0664,0.1303,0.464,1,1,96.7,High Risk
0,0.0,0.0398,0.0398,0.242,0,1,94.7,Medium Risk
9,0.0719,0.1078,0.1797,0.616,1,1,96.9,High Risk
3,0.0235,0.0167,0.0402,0.272,1,1,87.4,Medium Risk
5,0.0257,0.0788,0.1045,0.537,1,1,92.4,High Risk
21,0.1158,0.2916,0.4074,0.984,1,1,93.6,Critical Risk
0,0.0,0.0021,0.0039,0.062,0,0,99.1,Low Risk
0,0.0,0.0118,0.0118,0.296,0,1,88.4,Medium Risk
0,0.0,0.0353,0.0353,0.402,0,1,88.1,Medium Risk
18,0.3045,0.1425,0.447,0.864,1,1,93.2,Critical Risk
4,0.0596,0.0504,0.11,0.485,1,1,97.0,High Risk
29,0.0914,0.1526,0.244,0.773,1,1,87.5,Critical Risk
30,0.3026,0.2786,0.5812,0.911,1,1,96.7,Critical Risk
9,0.0649,0.0576,0.1225,0.491,1,1,94.9,High Risk
0,0.0,0.0037,0.0028,0.084,0,0,99.4,Low Risk
0,0.0,0.0008,0.0045,0.025,0,0,95.9,Low Risk
3,0.0149,0.0136,0.0285,0.366,1,1,90.9,Medium Risk
3,0.0222,0.0156,0.0378,0.191,1,1,88.6,Medium Risk
0,0.0,0.0006,0.0009,0.06,0,0,97.0,Low Risk
4,0.0808,0.0848,0.1656,0.52,1,1,88.4,High Risk
0,0.0,0.0001,0.0048,0.1,0,0,98.3,Low Risk
0,0.0,0.0032,0.0009,0.107,0,0,97.6,Low Risk
6,0.0496,0.0699,0.1195,0.636,1,1,93.5,High Risk
8,0.065,0.108,0.173,0.578,1,1,93.7,High Risk
8,0.0536,0.1247,0.1783,0.475,1,1,88.0,High Risk
29,0.0922,0.2666,0.3588,0.797,1,1,97.9,Critical Risk
5,0.0259,0.0753,0.1012,0.548,1,1,88.2,High Risk
0,0.0,0.0014,0.0049,0.073,0,0,96.1,Low Risk
16,0.3163,0.26,0.5763,0.93,1,1,93.0,Critical Risk
1,0.0216,0.0443,0.065,0.334,1,1,91.3,Medium Risk
25,0.2681,0.1961,0.4642,0.79,1,1,87.4,Critical Risk
0,0.0,0.0025,0.005,0.017,0,0,97.5,Low Risk
0,0.0,0.0014,0.0029,0.047,0,0,97.1,Low Risk
17,0.2294,0.158,0.3874,0.972,1,1,86.0,Critical Risk
24,0.2,0.166,0.366,0.77,1,1,92.1,Critical Risk
4,0.0414,0.1096,0.151,0.511,1,1,91.1,High Risk
0,0.0,0.0277,0.0277,0.379,0,1,92.7,Medium Risk
4,0.0728,0.065,0.1378,0.622,1,1,93.1,High Risk
0,0.0,0.0037,0.0007,0.114,0,0,97.1,Low Risk
23,0.1207,0.1464,0.2671,0.956,1,1,96.9,Critical Risk
6,0.0499,0.0461,0.096,0.537,1,1,92.1,High Risk
0,0.0,0.0258,0.0258,0.189,0,1,88.3,Medium Risk
7,0.0334,0.0987,0.1321,0.621,1,1,94.7,High Risk
31,0.1007,0.2972,0.3979,0.94,1,1,97.9,Critical Risk
0,0.0,0.0029,0.0045,0.106,0,0,98.7,Low Risk
18,0.3492,0.1714,0.5206,0.894,1,1,90.3,Critical Risk
0,0.0,0.0024,0.0035,0.002,0,0,99.7,Low Risk
9,0.0398,0.1121,0.1519,0.553,1,1,95.4,High Risk
2,0.0145,0.0281,0.0426,0.426,1,1,94.0,Medium Risk
29,0.3357,0.2028,0.5385,0.74,1,1,88.5,Critical Risk
5,0.0755,0.0914,0.1669,0.606,1,1,88.9,High Risk
1,0.0204,0.029,0.0494,0.367,1,1,94.3,Medium Risk
14,0.2346,0.3056,0.5402,0.917,1,1,97.1,Critical Risk
2,0.0189,0.0196,0.0385,0.292,1,1,93.8,Medium Risk
9,0.0293,0.0996,0.1289,0.523,1,1,94.4,High Risk
0,0.0,0.0005,0.0017,0.113,0,0,96.6,Low Risk
0,0.0,0.0009,0.0021,0.098,0,0,99.1,Low Risk
0,0.0,0.0017,0.0001,0.032,0,0,97.6,Low Risk
13,0.1799,0.3971,0.577,0.918,1,1,97.3,Critical Risk
0,0.0,0.0014,0.0041,0.013,0,0,99.1,Low Risk
0,0.0,0.0277,0.0277,0.422,0,1,86.4,Medium Risk
0,0.0,0.0033,0.0011,0.022,0,0,95.9,Low Risk
0,0.0,0.0024,0.002,0.007,0,0,96.6,Low Risk
9,0.0809,0.0768,0.1577,0.483,1,1,93.6,High Risk
22,0.3353,0.2908,0.6261,0.98,1,1,95.2,Critical Risk
3,0.0145,0.0309,0.0454,0.357,1,1,91.3,Medium Risk
0,0.0,0.0003,0.0041,0.085,0,0,95.4,Low Risk
0,0.0,0.0211,0.0211,0.379,0,1,91.3,Medium Risk
0,0.0,0.0032,0.0014,0.053,0,0,95.4,Low Risk
0,0.0,0.0034,0.0035,0.057,0,0,95.5,Low Risk
0,0.0,0.0087,0.0087,0.281,0,1,94.0,Medium Risk
0,0.0,0.0017,0.0012,0.043,0,0,98.6,Low Risk
19,0.2898,0.3202,0.61,0.891,1,1,85.2,Critical Risk
17,0.1371,0.3864,0.5235,0.786,1,1,92.4,Critical Risk
17,0.1708,0.3051,0.4759,0.91,1,1,88.3,Critical Risk
0,0.0,0.0233,0.0233,0.392,0,1,93.0,Medium Risk
1,0.0068,0.0345,0.0413,0.415,1,1,87.7,Medium Risk
4,0.0632,0.0491,0.1123,0.527,1,1,88.5,High Risk
29,0.2658,0.2083,0.4741,0.775,1,1,93.2,Critical Risk
28,0.3056,0.3931,0.65,0.863,1,1,85.9,Critical Risk
0,0.0,0.0024,0.0007,0.035,0,0,96.8,Low Risk
6,0.0749,0.1124,0.18,0.557,1,1,93.7,High Risk
0,0.0,0.0371,0.0371,0.191,0,1,89.4,Medium Risk
0,0.0,0.003,0.004,0.119,0,0,97.0,Low Risk
0,0.0,0.0298,0.0298,0.435,0,1,94.4,Medium Risk
0,0.0,0.0306,0.0306,0.361,0,1,88.6,Medium Risk
26,0.0876,0.3602,0.4478,0.93,1,1,97.3,Critical Risk
10,0.1781,0.1463,0.3244,0.866,1,1,97.0,Critical Risk
0,0.0,0.0164,0.0164,0.256,0,1,89.6,Medium Risk
6,0.0285,0.0805,0.109,0.532,1,1,93.6,High Risk
0,0.0,0.0168,0.0168,0.303,0,1,93.8,Medium Risk
2,0.023,0.0166,0.0396,0.386,1,1,86.6,Medium Risk
0,0.0,0.0002,0.0045,0.063,0,0,99.8,Low Risk
21,0.2419,0.1665,0.4084,0.746,1,1,89.7,Critical Risk
0,0.0,0.0281,0.0281,0.404,0,1,93.0,Medium Risk
4,0.0638,0.116,0.1798,0.616,1,1,92.5,High Risk
0,0.0,0.0012,0.0005,0.082,0,0,97.1,Low Risk
0,0.0,0.0007,0.0045,0.07,0,0,96.9,Low Risk
7,0.0251,0.069,0.0941,0.628,1,1,96.8,High Risk
0,0.0,0.0038,0.0037,0.067,0,0,97.9,Low Risk
19,0.3029,0.136,0.4389,0.849,1,1,91.0,Critical Risk
4,0.0429,0.0534,0.0963,0.663,1,1,93.8,High Risk
27,0.0992,0.2254,0.3246,0.8,1,1,88.4,Critical Risk
0,0.0,0.0021,0.0002,0.02,0,0,98.5,Low Risk
3,0.0243,0.0357,0.06,0.196,1,1,93.2,Medium Risk
0,0.0,0.0006,0.0021,0.01,0,0,99.8,Low Risk
8,0.057,0.0542,0.1112,0.617,1,1,89.1,High Risk
0,0.0,0.0189,0.0189,0.382,0,1,87.8,Medium Risk
2,0.0057,0.0349,0.0406,0.299,1,1,90.2,Medium Risk
0,0.0,0.001,0.0019,0.071,0,0,96.3,Low Risk
20,0.304,0.2846,0.5886,0.832,1,1,95.4,Critical Risk
14,0.2933,0.293,0.5863,0.829,1,1,96.4,Critical Risk
29,0.1512,0.1937,0.3449,0.74,1,1,96.3,Critical Risk
9,0.0763,0.0867,0.163,0.477,1,1,95.5,High Risk
0,0.0,0.0399,0.0399,0.289,0,1,93.1,Medium Risk
2,0.0116,0.0415,0.0531,0.376,1,1,91.3,Medium Risk
2,0.0074,0.0175,0.0249,0.425,1,1,91.3,Medium Risk
31,0.1209,0.1753,0.2962,0.787,1,1,88.4,Critical Risk
1,0.0196,0.0406,0.0602,0.238,1,1,87.8,Medium Risk
0,0.0,0.0024,0.0002,0.073,0,0,95.8,Low Risk
0,0.0,0.0007,0.001,0.044,0,0,97.3,Low Risk
6,0.0783,0.0932,0.1715,0.675,1,1,96.9,High Risk
2,0.0189,0.0372,0.0561,0.305,1,1,90.2,Medium Risk
1,0.0093,0.0383,0.0476,0.406,1,1,91.0,Medium Risk
0,0.0,0.0442,0.0442,0.369,0,1,91.3,Medium Risk
19,0.153,0.2195,0.3725,0.915,1,1,85.8,Critical Risk
27,0.1866,0.1806,0.3672,0.855,1,1,85.6,Critical Risk
0,0.0,0.0247,0.0247,0.421,0,1,89.0,Medium Risk
7,0.0432,0.0682,0.1114,0.606,1,1,89.1,High Risk
31,0.2568,0.1372,0.394,0.952,1,1,97.2,Critical Risk
6,0.0459,0.0539,0.0998,0.67,1,1,96.5,High Risk
9,0.037,0.1162,0.1532,0.535,1,1,91.3,High Risk
9,0.0518,0.1089,0.1607,0.674,1,1,95.7,High Risk
7,0.0695,0.0703,0.1398,0.486,1,1,91.2,High Risk
9,0.0563,0.1086,0.1649,0.69,1,1,91.1,High Risk
1,0.0137,0.0258,0.0395,0.282,1,1,94.9,Medium Risk
0,0.0,0.0361,0.0361,0.286,0,1,93.4,Medium Risk
0,0.0,0.0025,0.002,0.066,0,0,97.1,Low Risk
3,0.0123,0.0283,0.0406,0.369,1,1,92.8,Medium Risk
7,0.0848,0.0897,0.1745,0.544,1,1,90.0,High Risk
0,0.0,0.002,0.003,0.008,0,0,98.6,Low Risk
0,0.0,0.0016,0.0009,0.019,0,0,96.2,Low Risk
0,0.0,0.0007,0.0017,0.108,0,0,97.3,Low Risk
1,0.0074,0.0321,0.0395,0.251,1,1,91.6,Medium Risk
6,0.0268,0.0835,0.1103,0.632,1,1,89.1,High Risk
17,0.1399,0.2966,0.4365,0.797,1,1,85.3,Critical Risk
8,0.0634,0.0991,0.1625,0.494,1,1,90.1,High Risk
1,0.0166,0.0428,0.0594,0.392,1,1,92.3,Medium Risk
2,0.0195,0.0378,0.0573,0.396,1,1,88.4,Medium Risk
4,0.0457,0.0781,0.1238,0.65,1,1,95.9,High Risk
0,0.0,0.004,0.0028,0.092,0,0,99.5,Low Risk
7,0.04,0.0862,0.1262,0.599,1,1,91.2,High Risk
2,0.0165,0.0308,0.0473,0.332,1,1,88.8,Medium Risk
7,0.0668,0.1052,0.172,0.581,1,1,95.9,High Risk
4,0.0342,0.1242,0.1584,0.708,1,1,92.5,High Risk
0,0.0,0.0015,0.0048,0.088,0,0,97.9,Low Risk
3,0.0074,0.0088,0.0162,0.343,1,1,89.2,Medium Risk
4,0.0441,0.1173,0.1614,0.48,1,1,95.5,High Risk
8,0.0516,0.0951,0.1467,0.587,1,1,91.6,High Risk
21,0.1938,0.1657,0.3595,0.798,1,1,89.1,Critical Risk
4,0.0266,0.0764,0.103,0.597,1,1,92.6,High Risk
0,0.0,0.0446,0.0446,0.296,0,1,87.2,Medium Risk
3,0.0119,0.0226,0.0345,0.289,1,1,93.5,Medium Risk
0,0.0,0.0031,0.0009,0.039,0,0,97.0,Low Risk
0,0.0,0.0028,0.0027,0.037,0,0,98.9,Low Risk
0,0.0,0.0125,0.0125,0.245,0,1,87.0,Medium Risk
0,0.0,0.0408,0.0408,0.341,0,1,88.7,Medium Risk
7,0.0285,0.0995,0.128,0.581,1,1,88.3,High Risk
25,0.3485,0.2895,0.638,0.82,1,1,95.9,Critical Risk
0,0.0,0.0016,0.0032,0.055,0,0,97.6,Low Risk
28,0.1633,0.2684,0.4317,0.916,1,1,92.7,Critical Risk
0,0.0,0.0023,0.0042,0.017,0,0,98.8,Low Risk
0,0.0,0.0256,0.0256,0.172,0,1,94.1,Medium Risk
31,0.1197,0.2897,0.4094,0.961,1,1,85.6,Critical Risk
0,0.0,0.0032,0.0032,0.084,0,0,98.8,Low Risk
0,0.0,0.0088,0.0088,0.251,0,1,90.6,Medium Risk
0,0.0,0.0034,0.0023,0.05,0,0,96.3,Low Risk
1,0.0231,0.0438,0.065,0.212,1,1,90.4,Medium Risk
0,0.0,0.028,0.028,0.364,0,1,87.0,Medium Risk
3,0.0074,0.0225,0.0299,0.431,1,1,88.5,Medium Risk
0,0.0,0.0006,0.0046,0.059,0,0,96.2,Low Risk
0,0.0,0.01,0.01,0.25,0,1,93.2,Medium Risk
9,0.0787,0.0917,0.1704,0.581,1,1,91.1,High Risk
0,0.0,0.0038,0.003,0.027,0,0,98.2,Low Risk
2,0.0052,0.0163,0.0215,0.197,1,1,89.8,Medium Risk
0,0.0,0.0011,0.0018,0.078,0,0,97.7,Low Risk
0,0.0,0.0037,0.004,0.076,0,0,99.2,Low Risk
30,0.3435,0.3488,0.65,0.962,1,1,97.2,Critical Risk
0,0.0,0.0005,0.002,0.096,0,0,95.7,Low Risk
2,0.0229,0.0387,0.0616,0.249,1,1,95.1,Medium Risk
22,0.3067,0.1341,0.4408,0.861,1,1,89.9,Critical Risk
0,0.0,0.0004,0.002,0.116,0,0,99.2,Low Risk
8,0.0446,0.0734,0.118,0.591,1,1,96.5,High Risk
0,0.0,0.0028,0.0011,0.016,0,0,95.1,Low Risk
0,0.0,0.002,0.0012,0.014,0,0,97.9,Low Risk
0,0.0,0.0018,0.0039,0.024,0,0,97.5,Low Risk
7,0.0471,0.0796,0.1267,0.468,1,1,90.3,High Risk
2,0.0075,0.0406,0.0481,0.28,1,1,87.5,Medium Risk
0,0.0,0.0033,0.0018,0.015,0,0,97.5,Low Risk
28,0.1243,0.1458,0.2701,0.952,1,1,96.6,Critical Risk
15,0.2648,0.2089,0.4737,0.961,1,1,97.3,Critical Risk
0,0.0,0.0007,0.0046,0.05,0,0,96.8,Low Risk
0,0.0,0.0018,0.0049,0.059,0,0,96.6,Low Risk
12,0.1335,0.3512,0.4847,0.814,1,1,97.1,Critical Risk
0,0.0,0.0001,0.0046,0.014,0,0,97.8,Low Risk
0,0.0,0.0009,0.0034,0.002,0,0,95.5,Low Risk
20,0.254,0.3496,0.6036,0.751,1,1,91.5,Critical Risk
8,0.0753,0.0678,0.1431,0.572,1,1,90.4,High Risk
0,0.0,0.0002,0.0043,0.098,0,0,99.8,Low Risk
15,0.2413,0.1389,0.3802,0.956,1,1,87.3,Critical Risk
28,0.2312,0.341,0.5722,0.848,1,1,87.2,Critical Risk
0,0.0,0.0019,0.0015,0.09,0,0,97.4,Low Risk
0,0.0,0.0004,0.0042,0.038,0,0,95.9,Low Risk
6,0.0633,0.1117,0.175,0.59,1,1,92.8,High Risk
0,0.0,0.0025,0.0005,0.01,0,0,98.4,Low Risk
5,0.0313,0.0849,0.1162,0.56,1,1,95.8,High Risk
0,0.0,0.0011,0.0012,0.117,0,0,96.9,Low Risk
1,0.0061,0.0324,0.0385,0.424,1,1,93.7,Medium Risk
0,0.0,0.0301,0.0301,0.366,0,1,95.5,Medium Risk
20,0.2384,0.2795,0.5179,0.966,1,1,89.9,Critical Risk
19,0.3127,0.26,0.5727,0.915,1,1,88.1,Critical Risk
0,0.0,0.0021,0.0021,0.003,0,0,95.5,Low Risk
0,0.0,0.036,0.036,0.305,0,1,87.9,Medium Risk
6,0.0346,0.0469,0.0815,0.657,1,1,92.1,High Risk
4,0.0509,0.0705,0.1214,0.611,1,1,91.3,High Risk
6,0.0726,0.1133,0.18,0.523,1,1,96.6,High Risk
9,0.073,0.0717,0.1447,0.685,1,1,96.2,High Risk
16,0.2085,0.1732,0.3817,0.922,1,1,92.2,Critical Risk
0,0.0,0.0129,0.0129,0.2,0,1,94.9,Medium Risk
0,0.0,0.0024,0.0,0.012,0,0,98.2,Low Risk
7,0.0543,0.0972,0.1515,0.707,1,1,93.4,High Risk
6,0.0277,0.081,0.1087,0.702,1,1,89.5,High Risk
22,0.3102,0.1749,0.4851,0.773,1,1,97.5,Critical Risk
14,0.2118,0.3386,0.5504,0.819,1,1,89.1,Critical Risk
0,0.0,0.0096,0.0096,0.165,0,1,95.4,Medium Risk
10,0.1086,0.3977,0.5063,0.881,1,1,97.8,Critical Risk
8,0.0681,0.1036,0.1717,0.594,1,1,89.5,High Risk
4,0.0259,0.0916,0.1175,0.526,1,1,92.1,High Risk
15,0.1419,0.1388,0.2807,0.895,1,1,94.6,Critical Risk
8,0.0436,0.1109,0.1545,0.708,1,1,95.4,High Risk
0,0.0,0.0428,0.0428,0.233,0,1,90.1,Medium Risk
0,0.0,0.0,0.0041,0.085,0,0,98.5,Low Risk
4,0.0507,0.0883,0.139,0.641,1,1,94.3,High Risk
0,0.0,0.0122,0.0122,0.184,0,1,92.8,Medium Risk
5,0.0254,0.0531,0.0785,0.686,1,1,94.1,High Risk
0,0.0,0.0193,0.0193,0.405,0,1,95.5,Medium Risk
2,0.0094,0.0314,0.0408,0.176,1,1,87.3,Medium Risk
0,0.0,0.0001,0.0006,0.006,0,0,95.2,Low Risk
0,0.0,0.0001,0.0046,0.051,0,0,99.6,Low Risk
5,0.0373,0.0923,0.1296,0.508,1,1,91.0,High Risk
0,0.0,0.0382,0.0382,0.223,0,1,88.1,Medium Risk
3,0.0119,0.0083,0.0202,0.389,1,1,87.2,Medium Risk
2,0.0209,0.0284,0.0493,0.172,1,1,92.0,Medium Risk
0,0.0,0.0423,0.0423,0.177,0,1,94.9,Medium Risk
0,0.0,0.0351,0.0351,0.314,0,1,87.2,Medium Risk
1,0.0219,0.0263,0.0482,0.295,1,1,91.6,Medium Risk
0,0.0,0.0022,0.0009,0.116,0,0,98.7,Low Risk
0,0.0,0.0008,0.0008,0.02,0,0,98.9,Low Risk
0,0.0,0.0301,0.0301,0.349,0,1,90.2,Medium Risk
29,0.2632,0.3513,0.6145,0.915,1,1,95.7,Critical Risk
8,0.0827,0.0947,0.1774,0.701,1,1,94.8,High Risk
0,0.0,0.0033,0.002,0.08,0,0,96.0,Low Risk
8,0.06,0.1124,0.1724,0.603,1,1,90.0,High Risk
20,0.3086,0.211,0.5196,0.919,1,1,97.5,Critical Risk
6,0.0472,0.1196,0.1668,0.675,1,1,94.3,High Risk
8,0.0367,0.0496,0.0863,0.549,1,1,90.4,High Risk
6,0.0589,0.1143,0.1732,0.609,1,1,96.2,High Risk
5,0.0791,0.1152,0.18,0.713,1,1,88.2,High Risk
0,0.0,0.0003,0.0049,0.039,0,0,98.9,Low Risk
6,0.0627,0.0648,0.1275,0.502,1,1,89.7,High Risk
8,0.0364,0.0916,0.128,0.513,1,1,92.7,High Risk
4,0.0672,0.0453,0.1125,0.503,1,1,94.4,High Risk
13,0.3016,0.3805,0.65,0.765,1,1,90.9,Critical Risk
2,0.0052,0.0337,0.0389,0.435,1,1,88.3,Medium Risk
0,0.0,0.0023,0.0037,0.052,0,0,95.6,Low Risk
0,0.0,0.0011,0.003,0.043,0,0,95.4,Low Risk
6,0.0383,0.0481,0.0864,0.469,1,1,89.6,High Risk
30,0.3145,0.201,0.5155,0.862,1,1,93.1,Critical Risk
5,0.0373,0.0755,0.1128,0.715,1,1,95.1,High Risk
2,0.0241,0.0145,0.0386,0.353,1,1,87.9,Medium Risk
1,0.0179,0.0363,0.0542,0.234,1,1,86.2,Medium Risk
0,0.0,0.0031,0.0011,0.075,0,0,95.4,Low Risk
0,0.0,0.0017,0.0045,0.013,0,0,97.4,Low Risk
7,0.0607,0.0458,0.1065,0.581,1,1,96.7,High Risk
19,0.3357,0.3558,0.65,0.817,1,1,86.0,Critical Risk
1,0.0237,0.0404,0.0641,0.238,1,1,94.1,Medium Risk
0,0.0,0.0012,0.0016,0.081,0,0,98.6,Low Risk
0,0.0,0.0,0.0023,0.007,0,0,95.6,Low Risk
3,0.0149,0.0308,0.0457,0.204,1,1,86.4,Medium Risk
6,0.0695,0.0874,0.1569,0.676,1,1,96.9,High Risk
1,0.0051,0.0235,0.0286,0.233,1,1,92.9,Medium Risk
1,0.0048,0.0356,0.0404,0.345,1,1,93.6,Medium Risk
0,0.0,0.0008,0.0003,0.012,0,0,95.1,Low Risk
18,0.1515,0.1537,0.3052,0.892,1,1,97.6,Critical Risk
0,0.0,0.0001,0.0029,0.113,0,0,97.8,Low Risk
0,0.0,0.02,0.02,0.432,0,1,91.5,Medium Risk
25,0.1634,0.1916,0.355,0.825,1,1,87.1,Critical Risk
25,0.1598,0.2035,0.3633,0.812,1,1,95.0,Critical Risk
23,0.3191,0.2362,0.5553,0.841,1,1,93.6,Critical Risk
8,0.0489,0.0692,0.1181,0.477,1,1,90.1,High Risk
7,0.0693,0.0703,0.1396,0.628,1,1,91.6,High Risk
7,0.0636,0.1098,0.1734,0.706,1,1,91.0,High Risk
0,0.0,0.0034,0.0001,0.098,0,0,96.4,Low Risk
0,0.0,0.001,0.0033,0.037,0,0,97.5,Low Risk
0,0.0,0.0311,0.0311,0.308,0,1,90.0,Medium Risk
7,0.0508,0.0564,0.1072,0.691,1,1,91.1,High Risk
0,0.0,0.002,0.0011,0.077,0,0,95.8,Low Risk
0,0.0,0.0002,0.003,0.081,0,0,95.1,Low Risk
2,0.0071,0.0246,0.0317,0.325,1,1,95.0,Medium Risk
0,0.0,0.0007,0.0014,0.021,0,0,99.3,Low Risk
1,0.0091,0.0085,0.0176,0.291,1,1,88.9,Medium Risk
24,0.2254,0.1652,0.3906,0.889,1,1,95.5,Critical Risk
7,0.0819,0.0475,0.1294,0.651,1,1,91.0,High Risk
13,0.3475,0.3319,0.65,0.855,1,1,94.2,Critical Risk
0,0.0,0.0004,0.0045,0.061,0,0,99.0,Low Risk
1,0.0164,0.0268,0.0432,0.243,1,1,91.4,Medium Risk
0,0.0,0.0019,0.0021,0.042,0,0,99.5,Low Risk
3,0.0216,0.0222,0.0438,0.32,1,1,91.6,Medium Risk
0,0.0,0.0126,0.0126,0.293,0,1,87.1,Medium Risk
13,0.3431,0.2724,0.6155,0.812,1,1,94.2,Critical Risk
27,0.097,0.3038,0.4008,0.879,1,1,86.1,Critical Risk
4,0.0343,0.1206,0.1549,0.651,1,1,95.9,High Risk
0,0.0,0.001,0.0034,0.091,0,0,97.9,Low Risk
1,0.0147,0.0449,0.0596,0.388,1,1,91.8,Medium Risk
29,0.2349,0.264,0.4989,0.762,1,1,92.1,Critical Risk
17,0.2331,0.2239,0.457,0.944,1,1,88.3,Critical Risk
15,0.3029,0.3728,0.65,0.876,1,1,90.9,Critical Risk
9,0.0836,0.0532,0.1368,0.462,1,1,91.9,High Risk
3,0.0248,0.0395,0.0643,0.218,1,1,94.8,Medium Risk
24,0.2435,0.2278,0.4713,0.962,1,1,97.4,Critical Risk
12,0.2364,0.2051,0.4415,0.823,1,1,97.5,Critical Risk
2,0.0192,0.0104,0.0296,0.248,1,1,91.1,Medium Risk
6,0.0331,0.0529,0.086,0.514,1,1,96.3,High Risk
2,0.0185,0.0227,0.0412,0.294,1,1,92.5,Medium Risk
0,0.0,0.0016,0.0014,0.099,0,0,96.7,Low Risk
0,0.0,0.0439,0.0439,0.211,0,1,94.1,Medium Risk
11,0.1756,0.2677,0.4433,0.795,1,1,97.9,Critical Risk
0,0.0,0.0004,0.0012,0.087,0,0,99.1,Low Risk
0,0.0,0.0033,0.0048,0.015,0,0,98.5,Low Risk
18,0.1334,0.2093,0.3427,0.848,1,1,96.8,Critical Risk
0,0.0,0.0035,0.0024,0.014,0,0,98.4,Low Risk
0,0.0,0.0194,0.0194,0.385,0,1,91.1,Medium Risk
7,0.0423,0.0695,0.1118,0.552,1,1,93.6,High Risk
12,0.3494,0.1735,0.5229,0.86,1,1,90.6,Critical Risk
3,0.0185,0.039,0.0575,0.424,1,1,92.5,Medium Risk
0,0.0,0.0362,0.0362,0.17,0,1,93.1,Medium Risk
9,0.057,0.1146,0.1716,0.494,1,1,95.1,High Risk
28,0.2596,0.269,0.5286,0.767,1,1,87.2,Critical Risk
0,0.0,0.0005,0.0046,0.104,0,0,97.5,Low Risk
4,0.0707,0.0747,0.1454,0.562,1,1,94.8,High Risk
0,0.0,0.0004,0.0034,0.009,0,0,96.5,Low Risk
4,0.0758,0.1164,0.18,0.476,1,1,96.0,High Risk
0,0.0,0.0035,0.0046,0.061,0,0,97.4,Low Risk
6,0.0463,0.1009,0.1472,0.563,1,1,96.6,High Risk
0,0.0,0.0186,0.0186,0.333,0,1,95.3,Medium Risk
27,0.3424,0.2774,0.6198,0.926,1,1,85.9,Critical Risk
0,0.0,0.0246,0.0246,0.362,0,1,94.4,Medium Risk
0,0.0,0.0025,0.0004,0.105,0,0,99.4,Low Risk
0,0.0,0.0002,0.0027,0.065,0,0,98.1,Low Risk
7,0.0684,0.0975,0.1659,0.644,1,1,88.1,High Risk
0,0.0,0.0388,0.0388,0.236,0,1,90.9,Medium Risk
0,0.0,0.0025,0.0017,0.017,0,0,98.8,Low Risk
0,0.0,0.0227,0.0227,0.372,0,1,92.6,Medium Risk
0,0.0,0.0008,0.0001,0.016,0,0,99.3,Low Risk
0,0.0,0.0332,0.0332,0.207,0,1,92.2,Medium Risk
0,0.0,0.0009,0.0048,0.001,0,0,99.7,Low Risk
13,0.2926,0.1976,0.4902,0.985,1,1,86.6,Critical Risk
4,0.0255,0.0625,0.088,0.47,1,1,89.0,High Risk
30,0.1989,0.3527,0.5516,0.771,1,1,94.6,Critical Risk
5,0.0377,0.0976,0.1353,0.583,1,1,95.9,High Risk
0,0.0,0.0027,0.0008,0.109,0,0,98.9,Low Risk
0,0.0,0.0038,0.0019,0.034,0,0,99.2,Low Risk
2,0.0134,0.0286,0.042,0.206,1,1,91.8,Medium Risk
6,0.0563,0.0505,0.1068,0.556,1,1,96.3,High Risk
0,0.0,0.0036,0.0032,0.095,0,0,97.4,Low Risk
29,0.2298,0.2368,0.4666,0.782,1,1,87.2,Critical Risk
31,0.2616,0.3969,0.65,0.799,1,1,90.1,Critical Risk
1,0.0185,0.0447,0.0632,0.196,1,1,87.0,Medium Risk
3,0.0088,0.0387,0.0475,0.194,1,1,86.4,Medium Risk
0,0.0,0.001,0.0033,0.098,0,0,97.7,Low Risk
0,0.0,0.0107,0.0107,0.329,0,1,92.3,Medium Risk
0,0.0,0.0028,0.0027,0.03,0,0,96.7,Low Risk
17,0.298,0.1434,0.4414,0.84,1,1,89.9,Critical Risk
17,0.1635,0.3827,0.5462,0.953,1,1,97.8,Critical Risk
6,0.051,0.1069,0.1579,0.682,1,1,92.9,High Risk
1,0.0063,0.0211,0.0274,0.24,1,1,88.8,Medium Risk
1,0.0076,0.0316,0.0392,0.299,1,1,87.7,Medium Risk
5,0.0664,0.0565,0.1229,0.615,1,1,89.5,High Risk
2,0.0101,0.0337,0.0438,0.401,1,1,93.4,Medium Risk
1,0.0214,0.04,0.0614,0.375,1,1,87.1,Medium Risk
10,0.0909,0.3968,0.4877,0.751,1,1,97.6,Critical Risk
0,0.0,0.0027,0.0009,0.023,0,0,95.2,Low Risk
0,0.0,0.0023,0.0004,0.117,0,0,99.7,Low Risk
18,0.3342,0.1244,0.4586,0.876,1,1,91.1,Critical Risk
0,0.0,0.0026,0.0004,0.019,0,0,99.3,Low Risk
1,0.0081,0.0083,0.0164,0.341,1,1,94.5,Medium Risk
20,0.3345,0.2683,0.6028,0.93,1,1,97.0,Critical Risk
0,0.0,0.0036,0.0017,0.062,0,0,98.8,Low Risk
3,0.0062,0.0323,0.0385,0.39,1,1,89.6,Medium Risk
2,0.0092,0.013,0.0222,0.277,1,1,93.5,Medium Risk
9,0.0763,0.0932,0.1695,0.677,1,1,95.1,High Risk
2,0.0222,0.0294,0.0516,0.283,1,1,92.9,Medium Risk
0,0.0,0.0031,0.0004,0.043,0,0,95.6,Low Risk
26,0.1409,0.2758,0.4167,0.963,1,1,95.9,Critical Risk
23,0.2559,0.1844,0.4403,0.884,1,1,89.8,Critical Risk
20,0.2974,0.2298,0.5272,0.935,1,1,86.6,Critical Risk
3,0.0144,0.0223,0.0367,0.286,1,1,88.2,Medium Risk
4,0.0334,0.0838,0.1172,0.467,1,1,92.5,High Risk
4,0.0381,0.0817,0.1198,0.699,1,1,89.6,High Risk
0,0.0,0.0006,0.0024,0.118,0,0,96.2,Low Risk
0,0.0,0.0021,0.0003,0.04,0,0,95.6,Low Risk
0,0.0,0.0013,0.0039,0.013,0,0,95.4,Low Risk
26,0.097,0.181,0.278,0.744,1,1,92.6,Critical Risk
4,0.0508,0.1152,0.166,0.617,1,1,90.2,High Risk
26,0.287,0.1309,0.4179,0.958,1,1,93.1,Critical Risk
19,0.0867,0.3939,0.4806,0.991,1,1,90.1,Critical Risk
0,0.0,0.0002,0.0014,0.097,0,0,98.6,Low Risk
0,0.0,0.0146,0.0146,0.371,0,1,93.5,Medium Risk
8,0.0455,0.1041,0.1496,0.518,1,1,93.8,High Risk
4,0.055,0.1086,0.1636,0.644,1,1,88.5,High Risk
6,0.0607,0.0662,0.1269,0.632,1,1,95.3,High Risk
0,0.0,0.0003,0.0049,0.093,0,0,96.0,Low Risk
0,0.0,0.0038,0.0036,0.074,0,0,97.0,Low Risk
0,0.0,0.0213,0.0213,0.267,0,1,90.4,Medium Risk
3,0.0136,0.0273,0.0409,0.34,1,1,92.2,Medium Risk
8,0.0818,0.0847,0.1665,0.559,1,1,89.5,High Risk
27,0.3309,0.1455,0.4764,0.814,1,1,93.7,Critical Risk
0,0.0,0.0006,0.0016,0.03,0,0,98.6,Low Risk
0,0.0,0.0005,0.0032,0.09,0,0,97.8,Low Risk
9,0.0578,0.0796,0.1374,0.471,1,1,89.5,High Risk
5,0.0612,0.0829,0.1441,0.476,1,1,94.0,High Risk
0,0.0,0.0038,0.0009,0.008,0,0,98.6,Low Risk
0,0.0,0.0301,0.0301,0.33,0,1,88.4,Medium Risk
21,0.2159,0.3611,0.577,0.86,1,1,97.2,Critical Risk
5,0.0463,0.0534,0.0997,0.518,1,1,92.7,High Risk
4,0.0541,0.0717,0.1258,0.666,1,1,92.1,High Risk
6,0.0784,0.0517,0.1301,0.67,1,1,95.8,High Risk
22,0.1445,0.1394,0.2839,0.955,1,1,88.3,Critical Risk
7,0.0688,0.1156,0.18,0.634,1,1,90.3,High Risk
15,0.1092,0.2092,0.3184,0.767,1,1,86.7,Critical Risk
0,0.0,0.0014,0.0006,0.111,0,0,99.2,Low Risk
23,0.1163,0.12,0.2363,0.925,1,1,89.6,Critical Risk
0,0.0,0.0001,0.0013,0.086,0,0,99.3,Low Risk
12,0.1463,0.2607,0.407,0.93,1,1,97.5,Critical Risk
0,0.0,0.0037,0.0028,0.069,0,0,96.3,Low Risk
0,0.0,0.0011,0.0027,0.017,0,0,98.9,Low Risk
6,0.0518,0.0829,0.1347,0.614,1,1,92.8,High Risk
0,0.0,0.0036,0.0032,0.041,0,0,96.7,Low Risk
22,0.1445,0.2318,0.3763,0.847,1,1,97.7,Critical Risk
27,0.1306,0.3661,0.4967,0.885,1,1,96.3,Critical Risk
8,0.0457,0.0856,0.1313,0.687,1,1,92.4,High Risk
30,0.1947,0.3882,0.5829,0.881,1,1,92.9,Critical Risk
2,0.012,0.044,0.056,0.254,1,1,88.8,Medium Risk
0,0.0,0.0383,0.0383,0.393,0,1,90.8,Medium Risk
8,0.0513,0.1234,0.1747,0.593,1,1,89.0,High Risk
29,0.2301,0.3255,0.5556,0.83,1,1,90.3,Critical Risk
0,0.0,0.0008,0.0001,0.022,0,0,97.8,Low Risk
0,0.0,0.0036,0.0012,0.049,0,0,98.6,Low Risk
14,0.2874,0.2666,0.554,0.799,1,1,93.7,Critical Risk
1,0.0175,0.0104,0.0279,0.322,1,1,91.3,Medium Risk
31,0.1428,0.3819,0.5247,0.861,1,1,90.8,Critical Risk
1,0.006,0.0311,0.0371,0.286,1,1,91.6,Medium Risk
0,0.0,0.0012,0.0047,0.092,0,0,95.7,Low Risk
0,0.0,0.0002,0.0014,0.109,0,0,96.1,Low Risk
28,0.1728,0.3345,0.5073,0.848,1,1,93.5,Critical Risk
2,0.0116,0.0448,0.0564,0.285,1,1,89.2,Medium Risk
1,0.0046,0.0104,0.015,0.29,1,1,94.6,Medium Risk
15,0.2781,0.2083,0.4864,0.842,1,1,88.1,Critical Risk
25,0.0961,0.2374,0.3335,0.784,1,1,96.4,Critical Risk
5,0.0747,0.1081,0.18,0.54,1,1,96.2,High Risk
24,0.3033,0.2277,0.531,0.859,1,1,88.9,Critical Risk
0,0.0,0.0009,0.0036,0.086,0,0,98.1,Low Risk
16,0.2788,0.3509,0.6297,0.778,1,1,95.8,Critical Risk
25,0.2022,0.3432,0.5454,0.928,1,1,94.0,Critical Risk
6,0.0748,0.1153,0.18,0.609,1,1,92.7,High Risk
27,0.173,0.3389,0.5119,0.854,1,1,93.2,Critical Risk
27,0.2336,0.3839,0.6175,0.762,1,1,88.3,Critical Risk
4,0.025,0.0859,0.1109,0.472,1,1,90.5,High Risk
29,0.1324,0.3433,0.4757,0.916,1,1,92.1,Critical Risk
0,0.0,0.0032,0.0025,0.01,0,0,97.6,Low Risk
11,0.1693,0.3704,0.5397,0.908,1,1,88.7,Critical Risk
0,0.0,0.002,0.0035,0.005,0,0,98.8,Low Risk
11,0.2865,0.2636,0.5501,0.923,1,1,97.2,Critical Risk
13,0.1555,0.2132,0.3687,0.885,1,1,94.2,Critical Risk
12,0.3337,0.2361,0.5698,0.845,1,1,90.1,Critical Risk
0,0.0,0.0033,0.0047,0.118,0,0,98.6,Low Risk
0,0.0,0.0017,0.0045,0.098,0,0,96.6,Low Risk
4,0.0741,0.049,0.1231,0.697,1,1,88.3,High Risk
0,0.0,0.0038,0.0029,0.076,0,0,97.2,Low Risk
3,0.0225,0.0176,0.0401,0.312,1,1,92.0,Medium Risk
2,0.0169,0.0429,0.0598,0.227,1,1,87.2,Medium Risk
20,0.3324,0.3444,0.65,0.915,1,1,85.1,Critical Risk
8,0.036,0.0673,0.1033,0.494,1,1,94.1,High Risk
31,0.2134,0.2047,0.4181,0.886,1,1,95.4,Critical Risk
5,0.0358,0.1227,0.1585,0.489,1,1,91.6,High Risk
0,0.0,0.0003,0.0028,0.116,0,0,97.5,Low Risk
0,0.0,0.0026,0.0011,0.085,0,0,96.1,Low Risk
0,0.0,0.0005,0.0023,0.025,0,0,96.7,Low Risk
0,0.0,0.0127,0.0127,0.402,0,1,88.3,Medium Risk
27,0.2389,0.3821,0.621,0.915,1,1,91.3,Critical Risk
0,0.0,0.003,0.0023,0.027,0,0,97.2,Low Risk
7,0.0481,0.047,0.0951,0.678,1,1,88.1,High Risk
11,0.0937,0.2532,0.3469,0.846,1,1,87.1,Critical Risk
18,0.1035,0.2753,0.3788,0.934,1,1,95.5,Critical Risk
0,0.0,0.0003,0.0047,0.116,0,0,98.9,Low Risk
23,0.3275,0.173,0.5005,0.98,1,1,94.0,Critical Risk
0,0.0,0.0011,0.0002,0.073,0,0,97.4,Low Risk
0,0.0,0.0171,0.0171,0.414,0,1,88.4,Medium Risk
6,0.0627,0.0835,0.1462,0.554,1,1,96.5,High Risk
3,0.0157,0.0255,0.0412,0.248,1,1,87.1,Medium Risk
1,0.0071,0.0252,0.0323,0.351,1,1,89.8,Medium Risk
9,0.0499,0.1161,0.166,0.674,1,1,93.7,High Risk
6,0.0732,0.1193,0.18,0.565,1,1,96.2,High Risk
5,0.0704,0.0579,0.1283,0.584,1,1,94.5,High Risk
5,0.0714,0.0889,0.1603,0.477,1,1,94.9,High Risk
17,0.1097,0.3899,0.4996,0.775,1,1,87.0,Critical Risk
0,0.0,0.0114,0.0114,0.254,0,1,91.0,Medium Risk
8,0.0416,0.1235,0.1651,0.597,1,1,96.2,High Risk
1,0.0107,0.0348,0.0455,0.369,1,1,87.9,Medium Risk
2,0.018,0.0084,0.0264,0.232,1,1,88.5,Medium Risk
0,0.0,0.0007,0.0014,0.021,0,0,95.4,Low Risk
12,0.2969,0.1545,0.4514,0.922,1,1,90.4,Critical Risk
8,0.0526,0.0526,0.1052,0.675,1,1,88.4,High Risk
10,0.2154,0.1746,0.39,0.91,1,1,95.2,Critical Risk
7,0.0794,0.0556,0.135,0.614,1,1,93.4,High Risk
29,0.2033,0.2933,0.4966,0.913,1,1,91.5,Critical Risk
3,0.0099,0.0318,0.0417,0.354,1,1,90.9,Medium Risk
0,0.0,0.0005,0.0008,0.017,0,0,98.1,Low Risk
0,0.0,0.0025,0.0012,0.009,0,0,95.6,Low Risk
4,0.0617,0.1136,0.1753,0.635,1,1,91.7,High Risk
31,0.2087,0.1415,0.3502,0.783,1,1,85.8,Critical Risk
5,0.0554,0.06,0.1154,0.48,1,1,94.3,High Risk
5,0.062,0.1125,0.1745,0.485,1,1,93.0,High Risk
0,0.0,0.0246,0.0246,0.227,0,1,89.5,Medium Risk
1,0.013,0.0132,0.0262,0.346,1,1,88.1,Medium Risk
2,0.006,0.023,0.029,0.326,1,1,91.5,Medium Risk
0,0.0,0.0009,0.0045,0.046,0,0,97.6,Low Risk
0,0.0,0.0011,0.0009,0.056,0,0,96.7,Low Risk
25,0.1919,0.3307,0.5226,0.878,1,1,93.8,Critical Risk
5,0.0637,0.0899,0.1536,0.662,1,1,89.8,High Risk
0,0.0,0.0016,0.0031,0.103,0,0,99.6,Low Risk
30,0.0918,0.2749,0.3667,0.875,1,1,97.9,Critical Risk
0,0.0,0.0018,0.0047,0.018,0,0,97.8,Low Risk
5,0.0367,0.0563,0.093,0.622,1,1,95.0,High Risk
2,0.0154,0.04,0.0554,0.365,1,1,91.0,Medium Risk
0,0.0,0.0396,0.0396,0.308,0,1,93.8,Medium Risk
3,0.0069,0.0278,0.0347,0.22,1,1,86.1,Medium Risk
0,0.0,0.0038,0.0045,0.055,0,0,98.0,Low Risk
0,0.0,0.0027,0.0026,0.043,0,0,99.2,Low Risk
0,0.0,0.0018,0.0006,0.118,0,0,99.0,Low Risk
2,0.0142,0.0302,0.0444,0.329,1,1,86.2,Medium Risk
0,0.0,0.0029,0.0025,0.083,0,0,97.1,Low Risk
0,0.0,0.0435,0.0435,0.294,0,1,94.5,Medium Risk
26,0.1132,0.152,0.2652,0.985,1,1,96.3,Critical Risk
20,0.2052,0.2474,0.4526,0.918,1,1,96.8,Critical Risk
15,0.2664,0.3728,0.6392,0.958,1,1,86.7,Critical Risk
18,0.0934,0.339,0.4324,0.802,1,1,86.9,Critical Risk
25,0.1384,0.3816,0.52,0.919,1,1,95.7,Critical Risk
0,0.0,0.0015,0.0041,0.118,0,0,95.7,Low Risk
5,0.0786,0.0786,0.1572,0.663,1,1,92.3,High Risk
3,0.0096,0.0319,0.0415,0.3,1,1,88.5,Medium Risk
22,0.177,0.2732,0.4502,0.998,1,1,93.6,Critical Risk
25,0.1845,0.344,0.5285,0.97,1,1,86.6,Critical Risk
7,0.0367,0.1162,0.1529,0.655,1,1,96.2,High Risk
10,0.1685,0.1471,0.3156,0.786,1,1,97.8,Critical Risk
0,0.0,0.0029,0.0033,0.003,0,0,96.1,Low Risk
7,0.0666,0.1067,0.1733,0.63,1,1,89.4,High Risk
10,0.1698,0.2534,0.4232,0.823,1,1,91.4,Critical Risk
20,0.1805,0.3394,0.5199,0.887,1,1,89.1,Critical Risk
20,0.204,0.1865,0.3905,0.753,1,1,94.4,Critical Risk
22,0.2635,0.3349,0.5984,0.82,1,1,91.4,Critical Risk
9,0.0634,0.0983,0.1617,0.502,1,1,93.1,High Risk
24,0.3157,0.1434,0.4591,0.795,1,1,94.8,Critical Risk
23,0.0991,0.2473,0.3464,0.915,1,1,93.8,Critical Risk
0,0.0,0.0137,0.0137,0.223,0,1,95.1,Medium Risk
31,0.1366,0.3469,0.4835,0.811,1,1,94.5,Critical Risk
4,0.0274,0.0933,0.1207,0.696,1,1,90.1,High Risk
2,0.0169,0.0142,0.0311,0.438,1,1,88.2,Medium Risk
21,0.1573,0.2156,0.3729,0.857,1,1,96.9,Critical Risk
0,0.0,0.0201,0.0201,0.282,0,1,86.8,Medium Risk
1,0.0099,0.0403,0.0502,0.192,1,1,92.7,Medium Risk
0,0.0,0.0015,0.0004,0.093,0,0,97.7,Low Risk
9,0.0821,0.1121,0.18,0.669,1,1,95.4,High Risk
0,0.0,0.0025,0.0013,0.017,0,0,99.0,Low Risk
21,0.1681,0.1894,0.3575,0.921,1,1,89.7,Critical Risk
7,0.0825,0.1204,0.18,0.664,1,1,96.9,High Risk
5,0.0815,0.1182,0.18,0.463,1,1,92.1,High Risk
3,0.0152,0.02,0.0352,0.253,1,1,92.4,Medium Risk
22,0.1943,0.1748,0.3691,0.873,1,1,86.7,Critical Risk
12,0.0894,0.3102,0.3996,0.76,1,1,90.5,Critical Risk
0,0.0,0.0039,0.0026,0.021,0,0,96.3,Low Risk
19,0.1682,0.2706,0.4388,0.958,1,1,97.9,Critical Risk
9,0.0291,0.0794,0.1085,0.641,1,1,92.1,High Risk
3,0.0177,0.0154,0.0331,0.35,1,1,86.7,Medium Risk
9,0.0325,0.072,0.1045,0.72,1,1,91.7,High Risk
0,0.0,0.0093,0.0093,0.302,0,1,89.7,Medium Risk
29,0.2129,0.3377,0.5506,0.915,1,1,94.4,Critical Risk
8,0.0683,0.0758,0.1441,0.587,1,1,91.9,High Risk
1,0.015,0.0126,0.0276,0.401,1,1,93.6,Medium Risk
1,0.0195,0.0272,0.0467,0.28,1,1,94.3,Medium Risk
7,0.0527,0.1237,0.1764,0.665,1,1,95.0,High Risk
7,0.0357,0.0862,0.1219,0.67,1,1,90.3,High Risk
8,0.0401,0.0901,0.1302,0.553,1,1,93.9,High Risk
3,0.0213,0.0128,0.0341,0.254,1,1,93.1,Medium Risk
2,0.0129,0.0384,0.0513,0.16,1,1,88.9,Medium Risk
0,0.0,0.0382,0.0382,0.267,0,1,94.3,Medium Risk
0,0.0,0.0012,0.0045,0.002,0,0,95.4,Low Risk
28,0.2508,0.2801,0.5309,0.788,1,1,85.8,Critical Risk
28,0.2192,0.2181,0.4373,0.977,1,1,89.4,Critical Risk
1,0.0173,0.0375,0.0548,0.271,1,1,94.7,Medium Risk
1,0.0108,0.0216,0.0324,0.271,1,1,92.6,Medium Risk
7,0.0516,0.0936,0.1452,0.624,1,1,93.3,High Risk
9,0.0374,0.0507,0.0881,0.478,1,1,96.5,High Risk
20,0.2408,0.2085,0.4493,0.903,1,1,95.5,Critical Risk
22,0.2881,0.3166,0.6047,0.826,1,1,93.8,Critical Risk
14,0.2604,0.2974,0.5578,0.894,1,1,85.2,Critical Risk
7,0.0821,0.1246,0.18,0.645,1,1,96.8,High Risk
15,0.3349,0.1864,0.5213,0.768,1,1,95.0,Critical Risk
30,0.097,0.301,0.398,0.799,1,1,93.7,Critical Risk
8,0.0512,0.1156,0.1668,0.473,1,1,89.7,High Risk
26,0.2568,0.1848,0.4416,0.917,1,1,97.2,Critical Risk
9,0.0524,0.0805,0.1329,0.617,1,1,93.3,High Risk
12,0.1864,0.355,0.5414,0.778,1,1,91.6,Critical Risk
6,0.0715,0.0667,0.1382,0.589,1,1,90.6,High Risk
14,0.1314,0.3084,0.4398,0.797,1,1,87.8,Critical Risk
0,0.0,0.002,0.0024,0.021,0,0,97.1,Low Risk
0,0.0,0.0023,0.0024,0.08,0,0,99.5,Low Risk
6,0.0609,0.0611,0.122,0.613,1,1,91.7,High Risk
0,0.0,0.0021,0.0012,0.032,0,0,96.8,Low Risk
6,0.0798,0.094,0.1738,0.687,1,1,94.5,High Risk
0,0.0,0.0038,0.0013,0.06,0,0,96.4,Low Risk
9,0.0328,0.1118,0.1446,0.556,1,1,91.4,High Risk
0,0.0,0.0033,0.0013,0.021,0,0,98.2,Low Risk
6,0.0732,0.0548,0.128,0.493,1,1,95.7,High Risk
16,0.1521,0.3624,0.5145,0.767,1,1,86.6,Critical Risk
14,0.3239,0.1803,0.5042,0.97,1,1,92.3,Critical Risk
21,0.3009,0.2913,0.5922,0.837,1,1,88.3,Critical Risk
22,0.1894,0.2889,0.4783,0.948,1,1,91.1,Critical Risk
5,0.0579,0.0867,0.1446,0.551,1,1,94.1,High Risk
0,0.0,0.0005,0.0035,0.075,0,0,99.2,Low Risk
5,0.0747,0.0686,0.1433,0.464,1,1,94.6,High Risk
0,0.0,0.0003,0.003,0.029,0,0,96.9,Low Risk
4,0.0567,0.1111,0.1678,0.58,1,1,90.5,High Risk
4,0.0682,0.1144,0.18,0.578,1,1,95.4,High Risk
8,0.0505,0.0622,0.1127,0.615,1,1,93.4,High Risk
0,0.0,0.0346,0.0346,0.277,0,1,86.8,Medium Risk
9,0.0339,0.082,0.1159,0.715,1,1,92.4,High Risk
30,0.2916,0.1245,0.4161,0.953,1,1,85.5,Critical Risk
0,0.0,0.0021,0.0046,0.042,0,0,96.7,Low Risk
0,0.0,0.0289,0.0289,0.214,0,1,88.0,Medium Risk
19,0.1824,0.1444,0.3268,0.885,1,1,96.0,Critical Risk
0,0.0,0.0408,0.0408,0.286,0,1,87.8,Medium Risk
22,0.1257,0.2803,0.406,0.812,1,1,97.0,Critical Risk
10,0.2027,0.33,0.5327,0.878,1,1,92.0,Critical Risk
0,0.0,0.0034,0.0047,0.045,0,0,96.3,Low Risk
0,0.0,0.0012,0.0026,0.052,0,0,96.4,Low Risk
17,0.1462,0.3764,0.5226,0.9,1,1,88.2,Critical Risk
4,0.0528,0.0486,0.1014,0.535,1,1,96.4,High Risk
20,0.3316,0.3093,0.6409,0.82,1,1,89.8,Critical Risk
9,0.0532,0.1162,0.1694,0.644,1,1,88.6,High Risk
6,0.0361,0.093,0.1291,0.684,1,1,95.8,High Risk
7,0.0748,0.0886,0.1634,0.503,1,1,93.2,High Risk
9,0.0483,0.1093,0.1576,0.694,1,1,89.8,High Risk
4,0.0382,0.1031,0.1413,0.62,1,1,94.7,High Risk
0,0.0,0.0015,0.0039,0.041,0,0,99.5,Low Risk
29,0.2201,0.2604,0.4805,0.753,1,1,85.5,Critical Risk
7,0.0639,0.0509,0.1148,0.558,1,1,95.2,High Risk
8,0.0612,0.0736,0.1348,0.628,1,1,89.1,High Risk
0,0.0,0.0183,0.0183,0.42,0,1,88.4,Medium Risk
6,0.0543,0.104,0.1583,0.597,1,1,88.3,High Risk
0,0.0,0.0021,0.0012,0.011,0,0,99.3,Low Risk
0,0.0,0.0,0.0026,0.05,0,0,96.1,Low Risk
14,0.1301,0.3715,0.5016,0.942,1,1,86.0,Critical Risk
26,0.172,0.1785,0.3505,0.762,1,1,91.1,Critical Risk
0,0.0,0.0028,0.0008,0.069,0,0,97.9,Low Risk
0,0.0,0.0034,0.0012,0.054,0,0,95.6,Low Risk
0,0.0,0.0009,0.0004,0.035,0,0,95.8,Low Risk
29,0.1677,0.1542,0.3219,0.769,1,1,93.4,Critical Risk
0,0.0,0.0035,0.0024,0.107,0,0,98.8,Low Risk
0,0.0,0.0159,0.0159,0.169,0,1,88.9,Medium Risk
17,0.3343,0.3373,0.65,0.773,1,1,89.5,Critical Risk
1,0.0217,0.0273,0.049,0.335,1,1,86.8,Medium Risk
0,0.0,0.0365,0.0365,0.425,0,1,87.6,Medium Risk
0,0.0,0.0301,0.0301,0.187,0,1,89.6,Medium Risk
6,0.0613,0.0863,0.1476,0.652,1,1,93.7,High Risk
0,0.0,0.0087,0.0087,0.329,0,1,89.5,Medium Risk
4,0.0728,0.1053,0.1781,0.469,1,1,91.6,High Risk
3,0.0088,0.035,0.0438,0.328,1,1,86.6,Medium Risk
0,0.0,0.0022,0.0028,0.105,0,0,96.9,Low Risk
0,0.0,0.0039,0.0043,0.035,0,0,96.8,Low Risk
3,0.0081,0.0149,0.023,0.186,1,1,89.4,Medium Risk
5,0.0432,0.071,0.1142,0.645,1,1,95.4,High Risk
0,0.0,0.0037,0.0043,0.005,0,0,95.1,Low Risk
17,0.1271,0.3858,0.5129,0.969,1,1,96.8,Critical Risk
7,0.0662,0.0542,0.1204,0.56,1,1,92.1,High Risk
26,0.1053,0.3708,0.4761,0.946,1,1,87.1,Critical Risk
21,0.3458,0.343,0.65,0.937,1,1,93.8,Critical Risk
0,0.0,0.0037,0.0035,0.068,0,0,95.5,Low Risk
28,0.1629,0.1316,0.2945,0.906,1,1,92.8,Critical Risk
0,0.0,0.0004,0.001,0.005,0,0,96.6,Low Risk
0,0.0,0.0025,0.0018,0.056,0,0,98.6,Low Risk
0,0.0,0.0015,0.0032,0.076,0,0,97.6,Low Risk
2,0.0088,0.0221,0.0309,0.196,1,1,89.9,Medium Risk
1,0.0168,0.0268,0.0436,0.205,1,1,86.6,Medium Risk
0,0.0,0.0036,0.0031,0.014,0,0,99.5,Low Risk
10,0.1325,0.3174,0.4499,0.858,1,1,93.7,Critical Risk
0,0.0,0.0016,0.0028,0.019,0,0,95.9,Low Risk
15,0.1199,0.3593,0.4792,0.783,1,1,96.1,Critical Risk
0,0.0,0.0,0.0008,0.066,0,0,98.3,Low Risk
25,0.1304,0.3517,0.4821,0.892,1,1,89.4,Critical Risk
0,0.0,0.0273,0.0273,0.256,0,1,91.1,Medium Risk
8,0.0512,0.0983,0.1495,0.485,1,1,94.7,High Risk
5,0.0787,0.0613,0.14,0.592,1,1,91.8,High Risk
6,0.0742,0.0774,0.1516,0.586,1,1,88.1,High Risk
0,0.0,0.0401,0.0401,0.43,0,1,86.3,Medium Risk
8,0.0292,0.0599,0.0891,0.633,1,1,95.9,High Risk
3,0.0192,0.0316,0.0508,0.435,1,1,94.6,Medium Risk
9,0.0538,0.0595,0.1133,0.653,1,1,95.6,High Risk
1,0.015,0.0122,0.0272,0.401,1,1,92.9,Medium Risk
1,0.0113,0.0197,0.031,0.376,1,1,86.8,Medium Risk
23,0.1001,0.1585,0.2586,0.74,1,1,96.7,Critical Risk
22,0.0877,0.3205,0.4082,0.924,1,1,93.1,Critical Risk
18,0.1375,0.1384,0.2759,0.971,1,1,90.5,Critical Risk
0,0.0,0.0094,0.0094,0.428,0,1,93.8,Medium Risk
0,0.0,0.0017,0.0037,0.112,0,0,99.4,Low Risk
0,0.0,0.0005,0.0045,0.071,0,0,98.3,Low Risk
6,0.0557,0.0844,0.1401,0.61,1,1,95.8,High Risk
9,0.0688,0.0937,0.1625,0.644,1,1,91.4,High Risk
0,0.0,0.0441,0.0441,0.384,0,1,95.1,Medium Risk
8,0.0746,0.0807,0.1553,0.67,1,1,88.1,High Risk
2,0.0243,0.0397,0.064,0.193,1,1,93.0,Medium Risk
17,0.2381,0.3732,0.6113,0.953,1,1,94.8,Critical Risk
28,0.093,0.3713,0.4643,0.902,1,1,97.7,Critical Risk
0,0.0,0.0032,0.0039,0.011,0,0,97.4,Low Risk
7,0.0645,0.1063,0.1708,0.68,1,1,93.5,High Risk
1,0.0117,0.0105,0.0222,0.167,1,1,87.3,Medium Risk
0,0.0,0.0006,0.0008,0.007,0,0,99.2,Low Risk
30,0.264,0.1307,0.3947,0.901,1,1,94.1,Critical Risk
26,0.1203,0.1932,0.3135,0.849,1,1,92.8,Critical Risk
5,0.063,0.0966,0.1596,0.673,1,1,91.0,High Risk
0,0.0,0.0022,0.0036,0.079,0,0,96.3,Low Risk
0,0.0,0.0032,0.0,0.04,0,0,96.9,Low Risk
0,0.0,0.0021,0.0035,0.044,0,0,99.7,Low Risk
29,0.0996,0.3839,0.4835,0.759,1,1,90.7,Critical Risk
4,0.0554,0.0957,0.1511,0.478,1,1,90.3,High Risk
3,0.0161,0.0405,0.0566,0.281,1,1,87.5,Medium Risk
0,0.0,0.026,0.026,0.169,0,1,86.6,Medium Risk
0,0.0,0.0089,0.0089,0.34,0,1,91.8,Medium Risk
0,0.0,0.0038,0.0019,0.115,0,0,99.3,Low Risk
2,0.008,0.035,0.043,0.204,1,1,88.2,Medium Risk
18,0.2083,0.1238,0.3321,0.761,1,1,88.4,Critical Risk
4,0.063,0.0505,0.1135,0.461,1,1,96.4,High Risk
2,0.0234,0.0242,0.0476,0.412,1,1,94.3,Medium Risk
29,0.3429,0.3326,0.65,0.992,1,1,90.7,Critical Risk
0,0.0,0.0012,0.0018,0.086,0,0,96.4,Low Risk
0,0.0,0.0038,0.0045,0.072,0,0,99.4,Low Risk
3,0.0245,0.0205,0.045,0.211,1,1,93.5,Medium Risk
4,0.0563,0.1231,0.1794,0.493,1,1,88.2,High Risk
2,0.0213,0.0129,0.0342,0.401,1,1,94.8,Medium Risk
1,0.0228,0.0398,0.0626,0.288,1,1,89.7,Medium Risk
0,0.0,0.0004,0.0008,0.03,0,0,95.8,Low Risk
23,0.3269,0.2784,0.6053,0.787,1,1,86.8,Critical Risk
18,0.2453,0.2285,0.4738,0.965,1,1,89.0,Critical Risk
7,0.0385,0.098,0.1365,0.653,1,1,95.6,High Risk
25,0.205,0.1756,0.3806,0.783,1,1,88.1,Critical Risk
2,0.0113,0.0247,0.036,0.37,1,1,92.2,Medium Risk
16,0.2918,0.2779,0.5697,0.808,1,1,94.0,Critical Risk
7,0.0796,0.0822,0.1618,0.496,1,1,91.1,High Risk
14,0.1112,0.1412,0.2524,0.834,1,1,86.2,Critical Risk
0,0.0,0.0029,0.0011,0.004,0,0,96.3,Low Risk
4,0.0684,0.0674,0.1358,0.639,1,1,88.2,High Risk
22,0.3157,0.3325,0.6482,0.929,1,1,91.3,Critical Risk
6,0.0376,0.1216,0.1592,0.462,1,1,97.0,High Risk
7,0.0511,0.1029,0.154,0.462,1,1,93.3,High Risk
0,0.0,0.0025,0.0027,0.107,0,0,98.8,Low Risk
21,0.1575,0.2566,0.4141,0.761,1,1,91.0,Critical Risk
6,0.0545,0.1192,0.1737,0.487,1,1,94.9,High Risk
3,0.0079,0.0411,0.049,0.343,1,1,87.4,Medium Risk
6,0.0713,0.095,0.1663,0.557,1,1,88.5,High Risk
5,0.0833,0.0715,0.1548,0.585,1,1,89.8,High Risk
0,0.0,0.0023,0.0025,0.023,0,0,98.5,Low Risk
0,0.0,0.0412,0.0412,0.207,0,1,90.8,Medium Risk
5,0.0536,0.1,0.1536,0.648,1,1,94.2,High Risk
15,0.1516,0.3564,0.508,0.866,1,1,91.7,Critical Risk
9,0.065,0.0708,0.1358,0.693,1,1,96.0,High Risk
3,0.0247,0.0429,0.065,0.171,1,1,92.7,Medium Risk
0,0.0,0.0012,0.0016,0.088,0,0,98.1,Low Risk
2,0.0212,0.0247,0.0459,0.34,1,1,91.0,Medium Risk
0,0.0,0.043,0.043,0.431,0,1,87.7,Medium Risk
0,0.0,0.0001,0.0016,0.025,0,0,96.6,Low Risk
0,0.0,0.0173,0.0173,0.161,0,1,92.6,Medium Risk
24,0.2507,0.1235,0.3742,0.777,1,1,94.6,Critical Risk
0,0.0,0.0001,0.0028,0.091,0,0,99.2,Low Risk
2,0.007,0.0158,0.0228,0.389,1,1,89.1,Medium Risk
10,0.311,0.3799,0.65,0.999,1,1,95.3,Critical Risk
0,0.0,0.0438,0.0438,0.243,0,1,93.3,Medium Risk
3,0.0231,0.0328,0.0559,0.317,1,1,87.1,Medium Risk
2,0.0178,0.045,0.0628,0.173,1,1,95.3,Medium Risk
23,0.2596,0.1791,0.4387,0.964,1,1,96.5,Critical Risk
0,0.0,0.0092,0.0092,0.182,0,1,89.8,Medium Risk
4,0.0435,0.0836,0.1271,0.491,1,1,96.7,High Risk
0,0.0,0.0024,0.0019,0.116,0,0,99.0,Low Risk
7,0.0656,0.095,0.1606,0.542,1,1,95.3,High Risk
17,0.3246,0.2249,0.5495,0.883,1,1,85.7,Critical Risk
0,0.0,0.0034,0.0021,0.09,0,0,98.6,Low Risk
2,0.0181,0.0106,0.0287,0.339,1,1,88.6,Medium Risk
0,0.0,0.0015,0.0031,0.06,0,0,99.1,Low Risk
2,0.007,0.0348,0.0418,0.214,1,1,89.2,Medium Risk
0,0.0,0.0213,0.0213,0.266,0,1,91.8,Medium Risk
0,0.0,0.0001,0.0024,0.068,0,0,95.3,Low Risk
3,0.0205,0.0155,0.036,0.232,1,1,87.6,Medium Risk
0,0.0,0.0023,0.0045,0.005,0,0,96.3,Low Risk
4,0.0825,0.0874,0.1699,0.523,1,1,92.5,High Risk
0,0.0,0.0035,0.0031,0.04,0,0,95.3,Low Risk
9,0.0257,0.0777,0.1034,0.7,1,1,89.0,High Risk
0,0.0,0.0023,0.0002,0.056,0,0,97.6,Low Risk
0,0.0,0.0002,0.0027,0.053,0,0,99.3,Low Risk
2,0.0244,0.0407,0.065,0.42,1,1,95.5,Medium Risk
10,0.1911,0.3393,0.5304,0.809,1,1,97.9,Critical Risk
1,0.0179,0.0081,0.026,0.21,1,1,86.3,Medium Risk
0,0.0,0.0036,0.0005,0.038,0,0,99.6,Low Risk
